,precision,recall,f1-score,support
SD,0.0,0.0,0.0,170.0
NOR,0.9259205249726576,0.9999212598425197,0.9614991482112436,12700.0
MY,0.0,0.0,0.0,170.0
FS,0.0,0.0,0.0,170.0
BP,0.0,0.0,0.0,170.0
BN,0.0,0.0,0.0,170.0
AP,0.0,0.0,0.0,170.0
accuracy,0.9255830903790088,0.9255830903790088,0.9255830903790088,0.9255830903790088
macro avg,0.13227436071037965,0.1428458942632171,0.1373570211730348,13720.0
weighted avg,0.8570838678682764,0.9255830903790088,0.8900174331109908,13720.0
